Date,Silver_Price_USD,Gold_Price_USD,Silver_Gold_Ratio,Fed_Funds_Rate,US_10Y_Yield,Real_Interest_Rate,US_CPI_Index,US_CPI_YoY_Pct,DXY_Index,Crude_Oil_WTI,VIX_Index,US_M2_Supply_Trillions,India_Repo_Rate,USD_INR,Silver_Price_INR_Per_Kg,Global_PMI,US_Unemployment_Rate,ETF_Silver_Holdings_MOz
2000-01-01,5.2,344.55,66.26,5.47,7.18,1.42,169.0,4.05,99.23,22.65,20.52,4.624,5.96,43.1,7206.0,53.0,3.5,0
2000-02-01,5.12,370.8,72.35,5.46,7.59,3.81,169.8,1.65,100.9,30.87,9,4.638,6.1,43.26,7128.0,47.7,4.8,0
2000-03-01,5.08,357.56,70.46,5.44,7.29,0.67,170.4,4.77,101.19,33.75,9.85,4.668,5.79,44.02,7183.0,46.3,3.5,0
2000-04-01,5.03,276.9,55.1,5.35,7.74,0.39,171.1,4.96,101.42,26.43,17.03,4.701,5.98,43.71,7061.0,50.4,4.8,0
2000-05-01,4.98,311.31,62.58,5.29,7.28,-0.4,171.5,5.69,101.97,26.05,9,4.73,6.49,44.44,7108.0,52.5,5.0,0
2000-06-01,4.95,414.39,83.72,5.28,5.88,2.4,171.9,2.88,101.32,23.64,9,4.767,5.54,44.58,7095.0,49.4,3.5,0
2000-07-01,4.86,286.72,59.06,5.22,6.54,1.09,172.7,4.13,101.72,23.44,15.86,4.784,6.62,44.37,6925.0,43.5,4.1,0
2000-08-01,4.79,325.44,67.92,5.18,5.76,3.69,172.9,1.48,101.1,24.68,17.68,4.802,5.73,42.55,6555.0,50.5,4.7,0
2000-09-01,4.73,388.87,82.24,5.12,7.11,3.03,173.3,2.1,101.31,26.3,22.0,4.817,5.82,43.2,6567.0,53.9,5.8,0
2000-10-01,4.67,270.04,57.89,5.08,7.53,1.22,173.5,3.86,100.48,28.3,11.49,4.834,5.82,41.79,6268.0,48.8,3.6,0
2000-11-01,4.6,355.65,77.29,5.05,7.38,3.06,174.3,1.99,100.85,20.22,9,4.844,6.06,40.54,5998.0,46.3,4.4,0
2000-12-01,4.57,358.49,78.44,5.0,6.07,2.55,174.7,2.45,101.98,28.47,14.11,4.881,6.3,44.07,6475.0,48.8,4.2,0
2001-01-01,4.6,329.6,71.65,4.99,6.78,2.6,175.5,2.39,101.73,25.91,14.18,4.911,6.72,44.78,6623.0,57.7,5.1,0
2001-02-01,4.52,327.63,72.4,4.94,6.47,-0.26,175.8,5.2,101.59,25.1,17.04,4.947,6.11,44.3,6444.0,52.2,5.5,0
2001-03-01,4.47,290.91,65.01,4.87,7.11,-0.33,176.2,5.2,102.57,26.92,15.23,4.984,5.7,44.54,6408.0,53.8,7.2,0
2001-04-01,4.42,346.78,78.37,4.86,7.07,2.04,177.0,2.83,102.83,21.44,18.13,5.0,5.52,46.24,6578.0,46.0,7.1,0
2001-05-01,4.38,328.66,75.12,4.84,6.4,0.58,177.2,4.26,102.91,25.16,16.63,5.026,6.49,44.99,6328.0,47.0,5.8,0
2001-06-01,4.35,255.3,58.69,4.83,5.36,-1.06,177.8,5.9,104.38,27.39,12.69,5.037,6.01,43.49,6082.0,51.1,4.6,0
2001-07-01,4.36,276.08,63.32,4.81,5.54,-0.22,178.7,5.03,106.07,27.35,9.58,5.077,5.87,45.91,6436.0,46.3,5.8,0
2001-08-01,4.37,337.78,77.35,4.78,6.27,1.77,178.9,3.01,105.67,21.03,9.74,5.098,5.74,44.22,6208.0,50.4,5.4,0
2001-09-01,4.37,366.92,83.9,4.73,6.58,0.33,179.3,4.4,105.1,28.29,13.13,5.11,5.92,44.5,6256.0,53.0,5.9,0
2001-10-01,4.38,275.79,62.97,4.67,5.78,2.74,180.0,1.92,106.89,23.96,20.41,5.141,6.04,42.84,6033.0,49.3,3.9,0
2001-11-01,4.39,252.56,57.58,4.63,6.76,1.17,180.6,3.46,106.45,22.86,11.06,5.18,5.72,43.85,6185.0,54.5,5.6,0
2001-12-01,4.39,337.44,76.87,4.62,5.62,2.49,181.0,2.13,106.44,21.76,18.36,5.197,6.06,47.72,6735.0,54.5,6.7,0
2002-01-01,4.4,348.23,79.14,4.57,5.28,-1.08,181.7,5.64,106.78,25.0,12.22,5.212,6.33,46.59,6591.0,51.6,6.9,0
2002-02-01,4.54,349.15,76.99,4.55,5.61,1.88,182.3,2.67,107.78,21.72,26.29,5.232,5.84,46.88,6835.0,47.0,9.2,0
2002-03-01,4.62,309.38,66.89,4.54,5.5,0.72,182.5,3.82,106.39,21.07,13.59,5.255,5.96,46.45,6907.0,46.2,3.5,0
2002-04-01,4.71,353.8,75.04,4.52,6.49,0.78,183.1,3.74,107.04,25.71,18.92,5.28,5.81,46.71,7081.0,49.8,7.7,0
2002-05-01,4.8,337.54,70.25,4.44,5.51,2.36,183.9,2.09,107.39,21.37,9.26,5.312,6.51,46.02,7109.0,48.2,5.3,0
2002-06-01,4.85,403.42,83.18,4.44,5.37,-0.07,184.3,4.51,107.31,24.26,18.4,5.34,5.47,47.74,7444.0,51.8,4.5,0
2002-07-01,4.82,350.16,72.68,4.36,5.54,-1.15,185.0,5.51,107.26,26.49,22.88,5.351,5.99,46.53,7208.0,45.1,5.1,0
2002-08-01,4.8,323.11,67.37,4.34,6.29,2.17,185.3,2.18,107.84,26.2,17.48,5.38,6.43,45.08,6951.0,53.0,5.7,0
2002-09-01,4.77,285.69,59.84,4.29,5.91,-0.07,186.1,4.36,109.12,20.39,15.61,5.409,5.58,48.21,7400.0,51.8,7.6,0
2002-10-01,4.75,330.78,69.6,4.25,6.05,0.55,186.3,3.7,109.36,26.79,15.15,5.433,6.26,47.57,7269.0,48.2,4.8,0
2002-11-01,4.73,262.24,55.43,4.21,5.77,2.86,187.0,1.35,109.63,28.56,24.33,5.467,6.25,46.99,7147.0,47.3,4.7,0
2002-12-01,4.72,345.92,73.29,4.17,5.96,2.69,187.3,1.48,109.03,24.85,11.63,5.485,6.37,46.88,7114.0,55.0,4.7,0
2003-01-01,4.82,329.89,68.44,4.09,5.29,-0.83,187.6,4.92,108.87,26.3,14.37,5.51,5.81,47.98,7436.0,45.9,4.2,0
2003-02-01,4.75,351.21,73.97,4.07,5.4,-1.12,188.5,5.19,109.26,27.87,16.35,5.548,5.9,46.49,7097.0,52.6,5.7,0
2003-03-01,4.7,313.32,66.66,3.99,5.26,-0.59,189.3,4.58,108.8,23.96,14.41,5.578,6.12,48.5,7328.0,51.5,5.9,0
2003-04-01,4.65,393.26,84.54,3.92,4.49,1.24,189.5,2.68,108.7,26.36,9,5.618,5.81,49.27,7370.0,52.7,5.0,0
2003-05-01,4.6,387.91,84.25,3.85,5.96,-2.0,190.1,5.85,109.15,23.98,15.86,5.66,6.23,49.2,7283.0,53.1,5.7,0
2003-06-01,4.58,261.01,56.99,3.79,5.41,2.24,190.8,1.56,108.72,22.82,16.01,5.68,5.93,47.68,7021.0,52.6,3.9,0
2003-07-01,4.84,326.66,67.46,3.74,5.72,2.13,191.7,1.61,109.25,27.04,13.44,5.7,6.15,47.5,7395.0,51.5,4.6,0
2003-08-01,5.02,354.92,70.74,3.72,5.6,-2.15,192.3,5.87,108.32,25.4,14.24,5.73,6.27,48.44,7814.0,51.2,7.1,0
2003-09-01,5.19,334.2,64.36,3.67,5.41,1.84,192.8,1.83,107.9,29.63,9,5.748,6.08,48.38,8077.0,50.0,5.6,0
2003-10-01,5.37,314.62,58.62,3.64,5.17,2.1,193.6,1.54,107.62,25.02,9,5.776,5.64,47.33,8167.0,48.0,4.9,0
2003-11-01,5.54,424.68,76.62,3.64,4.59,-1.05,194.0,4.69,107.85,25.46,17.87,5.798,6.25,45.37,8084.0,52.0,5.7,0
2003-12-01,5.63,402.36,71.47,3.62,5.58,-1.68,194.7,5.3,106.29,27.44,10.86,5.81,6.54,49.43,8947.0,50.3,4.0,0
2004-01-01,6.25,436.76,69.88,3.68,4.6,1.02,194.9,2.66,105.58,48.54,9.16,5.843,6.14,50.45,10138.0,51.7,7.0,0
2004-02-01,7.17,585.63,81.62,3.71,5.11,1.8,195.3,1.91,105.43,51.83,11.25,5.869,6.26,49.52,11422.0,49.7,5.7,0
2004-03-01,7.79,603.44,77.45,3.77,6.05,0.06,195.9,3.71,105.48,57.3,15.09,5.883,6.34,50.13,12559.0,44.7,3.5,0
2004-04-01,8.1,626.87,77.39,3.79,5.95,0.95,196.1,2.85,104.33,57.83,9,5.928,6.44,50.03,13029.0,49.0,7.1,0
2004-05-01,6.43,385.24,59.94,3.82,5.73,1.6,197.0,2.22,104.24,47.98,19.68,5.961,6.11,50.43,10421.0,50.4,3.5,0
2004-06-01,5.87,381.39,64.97,3.88,4.9,1.81,197.8,2.07,104.95,48.89,16.08,6.001,5.71,50.83,9593.0,54.8,6.5,0
2004-07-01,6.11,484.85,79.39,3.94,5.62,-0.64,198.5,4.58,105.02,45.38,22.25,6.047,5.93,50.42,9901.0,53.0,3.6,0
2004-08-01,6.27,351.43,56.09,3.99,5.77,1.54,199.1,2.45,105.07,40.35,19.94,6.063,6.79,51.33,10341.0,48.6,7.6,0
2004-09-01,6.42,522.9,81.4,4.01,4.83,-1.41,200.0,5.42,105.95,57.37,9.88,6.107,5.98,48.83,10086.0,46.3,4.1,0
2004-10-01,6.58,518.26,78.73,4.03,6.23,-1.58,200.9,5.61,106.38,52.04,10.79,6.129,6.51,49.14,10400.0,47.5,4.1,0
2004-11-01,6.74,523.58,77.67,4.06,5.84,-1.28,201.8,5.34,106.5,31.19,16.1,6.144,6.26,49.87,10807.0,53.2,5.2,0
2004-12-01,6.82,433.37,63.54,4.07,5.54,0.08,202.6,3.98,107.59,58.92,10.14,6.165,6.03,49.26,10800.0,50.2,5.1,0
2005-01-01,6.6,416.72,63.14,4.08,5.75,0.71,203.6,3.37,107.08,57.65,11.6,6.194,5.74,52.16,11068.0,55.4,5.2,0
2005-02-01,6.79,561.79,82.68,4.08,5.83,0.34,204.3,3.74,106.48,75.27,10.89,6.227,5.4,52.66,11504.0,56.6,4.1,0
2005-03-01,6.92,406.03,58.63,4.11,5.7,-1.85,204.7,5.95,107.22,61.41,10.59,6.249,5.68,52.53,11695.0,45.3,7.4,0
2005-04-01,7.05,404.69,57.36,4.14,4.89,-0.05,205.3,4.19,106.31,69.75,13.44,6.297,5.75,53.56,12149.0,51.1,3.7,0
2005-05-01,7.18,455.28,63.37,4.2,5.24,1.02,205.7,3.18,105.53,56.52,16.43,6.324,5.95,50.87,11751.0,52.5,6.0,0
2005-06-01,7.25,410.67,56.64,4.23,4.91,3.0,206.4,1.23,104.92,63.02,9.81,6.348,5.73,52.89,12329.0,48.8,4.6,0
2005-07-01,7.64,472.39,61.85,4.27,5.0,-0.03,207.4,4.3,105.07,48.23,21.29,6.384,6.32,51.27,12590.0,46.6,5.1,0
2005-08-01,7.9,570.64,72.27,4.27,5.2,-1.48,208.2,5.75,104.83,67.95,17.28,6.423,5.6,53.0,13453.0,49.7,7.3,0
2005-09-01,8.15,637.22,78.15,4.34,5.02,2.82,208.8,1.52,103.26,67.12,9,6.467,6.52,51.81,13582.0,47.5,6.4,0
2005-10-01,8.41,564.59,67.11,4.39,5.34,-1.31,209.6,5.7,103.74,58.36,11.84,6.489,5.92,51.27,13868.0,49.5,7.2,0
2005-11-01,8.67,636.87,73.45,4.4,5.69,0.86,210.4,3.54,104.86,63.35,15.56,6.512,6.09,51.25,14287.0,52.6,5.7,0
2005-12-01,8.8,551.77,62.7,4.43,5.6,-1.12,210.8,5.54,105.44,63.33,16.91,6.547,6.09,51.4,14543.0,50.4,3.8,0
2006-01-01,9.1,668.6,73.47,4.48,4.99,2.49,211.8,1.98,104.18,94.25,9,6.566,6.44,54.02,15805.0,52.2,5.6,293.1
2006-02-01,10.8,732.13,67.79,4.52,6.22,-0.45,212.3,4.97,104.3,78.02,15.69,6.616,6.14,53.35,18524.0,47.8,8.0,331.8
2006-03-01,11.93,884.47,74.12,4.59,5.38,-0.67,213.3,5.26,104.36,74.3,21.77,6.657,5.72,54.28,20826.0,48.9,4.7,215.2
2006-04-01,12.5,1006.26,80.5,4.65,6.03,2.71,214.0,1.94,104.92,81.92,11.63,6.703,6.14,53.08,21330.0,52.0,6.2,312.6
2006-05-01,14.6,1183.54,81.06,4.72,6.9,3.27,214.3,1.45,104.08,76.07,9,6.752,6.44,52.92,24839.0,49.1,5.8,311.2
2006-06-01,10.8,878.53,81.34,4.73,6.04,0.48,215.1,4.25,105.05,74.01,15.31,6.773,6.1,53.19,18468.0,45.8,6.5,326.0
2006-07-01,11.3,844.93,74.77,4.78,6.75,1.49,215.4,3.29,104.66,92.53,18.19,6.809,5.62,54.59,19834.0,49.7,6.0,366.8
2006-08-01,11.63,886.0,76.16,4.83,6.69,2.0,216.2,2.83,103.28,69.17,14.57,6.859,6.4,51.29,19184.0,50.9,4.4,323.9
2006-09-01,11.97,955.92,79.88,4.9,6.69,3.29,216.7,1.61,104.3,64.38,12.95,6.906,5.09,53.87,20724.0,50.3,3.5,332.7
2006-10-01,12.3,988.97,80.4,4.95,6.37,-0.42,217.6,5.37,104.3,80.44,23.5,6.952,5.98,54.23,21444.0,48.8,6.8,359.5
2006-11-01,12.63,982.2,77.75,4.96,6.88,0.8,218.1,4.16,103.14,76.71,11.17,6.977,6.09,53.96,21919.0,47.7,3.7,343.4
2006-12-01,12.8,931.28,72.76,5.01,7.09,2.5,218.6,2.51,103.84,81.69,20.28,7.004,6.03,54.67,22496.0,47.2,9.1,275.0
2007-01-01,12.9,921.21,71.41,4.88,6.55,0.06,219.5,4.82,103.5,92.67,11.46,7.019,6.34,57.49,23845.0,52.2,6.4,419.0
2007-02-01,12.96,1055.14,81.42,4.8,5.37,-0.07,219.9,4.87,102.59,92.16,17.71,7.034,6.02,54.18,22577.0,50.5,6.4,270.9
2007-03-01,13.0,980.73,75.44,4.77,7.13,-0.69,220.9,5.46,101.44,95.91,10.25,7.063,6.55,55.52,23203.0,48.9,7.2,302.5
2007-04-01,13.04,803.12,61.59,4.64,6.3,0.66,221.6,3.98,101.93,100.75,14.64,7.087,5.97,55.97,23467.0,45.3,8.7,292.7
2007-05-01,13.08,1080.85,82.63,4.57,6.43,-0.12,222.2,4.69,101.91,97.16,9.01,7.138,5.68,55.14,23187.0,51.1,4.5,304.9
2007-06-01,13.1,957.29,73.08,4.47,6.68,-0.36,222.5,4.83,102.09,88.1,16.96,7.18,5.89,54.85,23100.0,46.8,3.7,363.2
2007-07-01,13.45,1009.82,75.08,4.41,6.71,-1.29,223.1,5.71,100.92,91.64,10.61,7.214,6.28,55.03,23796.0,51.3,3.8,302.7
2007-08-01,13.68,979.25,71.56,4.37,6.64,1.96,224.1,2.41,101.61,99.17,15.53,7.25,5.92,55.15,24264.0,51.1,3.6,372.7
2007-09-01,13.92,1029.61,73.98,4.32,6.81,2.41,224.8,1.92,101.87,103.24,9,7.275,6.07,56.16,25129.0,48.4,4.7,355.2
2007-10-01,14.15,821.23,58.04,4.22,6.22,2.74,225.2,1.48,101.49,77.58,16.11,7.318,6.11,55.6,25295.0,51.0,6.9,376.3
2007-11-01,14.38,961.43,66.84,4.07,5.44,0.99,225.5,3.08,100.9,97.09,11.41,7.338,6.51,55.37,25605.0,48.7,4.5,338.9
2007-12-01,14.5,877.08,60.49,3.97,5.88,-0.52,226.0,4.49,100.97,90.84,19.01,7.396,5.86,55.47,25860.0,54.0,4.0,334.1
2008-01-01,16.0,1295.58,80.97,3.86,5.5,0.3,226.3,3.56,100.98,60.63,17.14,7.418,6.55,57.95,29812.0,54.5,6.5,404.9
2008-02-01,19.38,1385.22,71.5,3.82,5.65,1.6,227.3,2.22,100.1,66.64,15.64,7.458,6.29,58.06,36168.0,51.5,4.5,375.8
2008-03-01,20.5,1361.68,66.42,3.78,5.57,0.03,227.7,3.75,99.57,60.72,13.28,7.493,5.67,57.46,37871.0,49.1,5.1,374.4
2008-04-01,19.56,1432.8,73.24,3.77,6.16,2.07,228.0,1.7,99.85,53.83,14.91,7.536,5.91,57.34,36062.0,50.9,5.8,337.7
2008-05-01,18.94,1285.04,67.86,3.7,4.93,-1.37,229.1,5.07,100.51,54.5,21.15,7.572,5.48,56.25,34251.0,50.7,7.6,384.2
2008-06-01,18.31,1160.74,63.39,3.61,6.06,-1.03,230.0,4.64,100.0,49.15,15.46,7.591,6.21,55.86,32889.0,46.4,4.4,355.4
2008-07-01,18.0,1450.68,80.59,3.53,4.12,1.31,230.7,2.22,98.1,41.0,19.35,7.616,6.01,57.58,33320.0,52.3,5.3,433.5
2008-08-01,13.75,819.74,59.62,3.51,4.68,-1.1,231.6,4.6,98.13,35,14.73,7.652,5.81,57.62,25473.0,46.0,3.7,364.3
2008-09-01,10.92,712.26,65.24,3.44,4.22,-0.19,232.4,3.63,97.79,35,39.13,7.707,6.19,59.1,20744.0,54.6,6.9,377.9
2008-10-01,9.5,530.82,55.88,3.41,5.8,-2.54,232.8,5.95,98.5,35,30.62,7.725,6.54,57.09,17439.0,56.3,5.8,317.8
2008-11-01,10.48,818.65,78.15,3.3,5.21,-0.13,233.2,3.43,98.42,35,55.01,7.754,5.76,59.11,19906.0,48.7,5.6,372.7
2008-12-01,10.8,776.95,71.94,3.24,5.44,-2.34,233.5,5.58,98.7,35,9,7.815,6.66,55.81,19380.0,51.9,6.5,401.9
2009-01-01,11.2,767.87,68.56,3.24,4.53,-1.95,234.5,5.19,98.4,60.93,9,7.83,7.23,58.73,21148.0,59.2,6.9,416.8
2009-02-01,12.19,826.87,67.83,3.24,5.69,-0.09,235.5,3.33,100.03,55.27,13.63,7.868,6.86,59.93,23487.0,47.1,6.9,334.2
2009-03-01,12.85,1026.57,79.89,3.23,4.51,-1.09,236.4,4.32,100.24,54.76,16.07,7.901,6.95,58.78,24284.0,42.0,4.1,335.4
2009-04-01,13.51,1100.46,81.46,3.24,4.62,-1.05,237.4,4.29,100.36,53.05,20.75,7.92,6.93,58.88,25576.0,50.5,3.5,450.9
2009-05-01,14.17,1055.88,74.52,3.24,4.72,-1.03,238.2,4.27,100.46,65.61,11.53,7.959,7.34,59.59,27148.0,50.6,3.5,304.4
2009-06-01,14.5,897.6,61.9,3.23,3.98,-0.76,239.3,3.98,101.46,62.39,9,7.979,7.02,57.68,26892.0,56.4,4.9,415.4
2009-07-01,15.25,1156.98,75.87,3.23,3.84,-0.54,240.2,3.77,100.76,59.61,20.17,8.015,6.42,61.47,30141.0,51.2,5.1,403.5
2009-08-01,15.75,1251.66,79.47,3.22,3.84,-0.11,240.6,3.33,100.67,61.7,18.64,8.052,7.36,59.17,29963.0,46.5,3.7,418.8
2009-09-01,16.25,1236.87,76.11,3.22,4.0,0.06,241.0,3.15,101.18,56.41,16.82,8.09,6.67,59.15,30902.0,50.6,4.7,390.0
2009-10-01,16.75,1287.76,76.88,3.21,4.99,-0.01,241.8,3.22,100.84,58.25,14.84,8.142,6.77,58.75,31636.0,52.3,7.6,423.5
2009-11-01,17.25,1175.46,68.14,3.21,4.16,-1.67,242.3,4.89,101.04,52.45,17.08,8.202,6.85,58.68,32541.0,49.8,7.3,316.0
2009-12-01,17.5,1096.96,62.68,3.21,4.21,0.37,242.8,2.84,101.54,66.86,18.29,8.261,7.3,58.66,33004.0,52.1,7.8,364.6
2010-01-01,17.0,993.56,58.44,3.23,3.86,1.34,243.4,1.89,102.11,41.89,11.17,8.307,7.24,61.02,33353.0,54.6,4.2,408.3
2010-02-01,17.45,1130.98,64.81,3.22,4.24,1.81,244.2,1.41,101.95,54.73,11.68,8.368,6.82,62.06,34819.0,47.8,6.2,387.4
2010-03-01,17.75,1219.14,68.68,3.23,4.8,-2.38,244.7,5.6,101.75,56.52,15.44,8.387,7.28,60.86,34731.0,51.8,6.2,331.8
2010-04-01,18.05,1402.64,77.71,3.22,4.1,1.5,245.9,1.72,102.25,52.3,13.87,8.404,6.85,61.57,35729.0,45.0,6.8,412.9
2010-05-01,18.35,1370.26,74.67,3.22,3.92,-1.24,246.4,4.47,103.34,68.23,12.43,8.423,6.7,61.25,36134.0,54.2,6.3,431.7
2010-06-01,18.5,1464.28,79.15,3.21,5.13,-0.27,246.9,3.48,102.65,53.54,14.5,8.489,6.93,60.52,35998.0,52.1,6.7,401.2
2010-07-01,21.12,1285.23,60.84,3.21,3.72,-2.36,247.4,5.57,101.06,38.96,9,8.549,6.76,60.77,41274.0,53.4,5.4,508.2
2010-08-01,22.88,1924.35,84.12,3.22,4.85,-1.96,248.5,5.17,101.07,60.45,9,8.574,7.29,61.28,45069.0,46.0,3.9,389.5
2010-09-01,24.62,1665.23,67.62,3.23,5.37,-2.43,248.7,5.66,100.87,54.36,10.94,8.608,6.71,62.19,49238.0,49.2,5.7,501.9
2010-10-01,26.38,2232.02,84.63,3.23,5.07,-0.62,249.4,3.85,101.32,52.82,13.4,8.653,7.27,61.84,52436.0,54.6,5.7,455.9
2010-11-01,28.12,1882.09,66.92,3.23,4.69,-2.33,249.9,5.56,100.34,57.62,19.29,8.698,7.41,61.33,55459.0,48.6,5.7,419.9
2010-12-01,29.0,2377.68,81.99,3.25,4.16,-2.48,250.6,5.73,101.34,48.37,18.76,8.764,6.91,59.92,55865.0,48.9,6.0,415.6
2011-01-01,28.5,2047.42,71.84,3.26,5.44,1.26,251.9,2.0,102.3,99.34,13.88,8.805,6.86,62.66,57414.0,45.9,6.4,401.6
2011-02-01,38.5,2589.78,67.27,3.28,4.94,-0.61,252.8,3.89,100.79,88.24,22.44,8.835,6.91,61.85,76555.0,50.6,3.5,394.3
2011-03-01,45.17,2556.0,56.59,3.27,5.32,0.4,253.3,2.87,100.3,104.81,15.47,8.86,7.22,62.0,90038.0,52.8,6.0,431.3
2011-04-01,48.5,2981.12,61.47,3.27,3.93,-2.54,254.0,5.81,100.24,84.09,14.33,8.925,6.77,62.25,97075.0,47.3,5.0,506.5
2011-05-01,35.0,2556.52,73.04,3.27,5.73,0.01,254.8,3.26,101.33,101.58,22.0,8.984,6.58,63.57,71535.0,49.0,3.6,427.3
2011-06-01,38.0,2980.05,78.42,3.27,4.32,1.68,255.6,1.59,101.53,82.9,14.62,9.039,7.4,60.98,74499.0,56.7,7.1,493.8
2011-07-01,40.0,2561.02,64.03,3.27,4.31,1.18,256.0,2.08,101.27,108.75,14.55,9.097,7.58,62.25,80056.0,49.1,7.0,424.5
2011-08-01,41.0,3460.46,84.4,3.25,3.86,-0.14,257.1,3.39,102.05,89.88,15.14,9.116,6.96,62.64,82567.0,53.9,5.8,370.1
2011-09-01,30.0,2051.73,68.39,3.25,5.07,-1.59,258.3,4.85,100.64,73.48,11.68,9.172,6.82,64.97,62662.0,49.8,6.6,420.1
2011-10-01,29.5,2346.39,79.54,3.27,5.07,0.24,258.9,3.02,100.83,94.94,14.73,9.209,7.4,63.92,60625.0,52.7,7.4,434.5
2011-11-01,29.17,1608.25,55.14,3.28,4.47,1.42,259.8,1.87,101.09,83.24,13.72,9.281,6.96,63.67,59703.0,48.0,4.6,384.5
2011-12-01,29.0,2006.54,69.19,3.3,4.76,-2.47,260.9,5.77,101.68,90.31,15.28,9.316,6.93,63.76,59447.0,56.9,4.5,414.7
2012-01-01,31.0,2279.71,73.54,3.3,5.15,-0.11,261.3,3.41,101.49,94.55,22.46,9.382,7.11,63.92,63702.0,51.2,3.9,436.9
2012-02-01,34.0,2007.31,59.04,3.28,5.35,-0.11,262.5,3.39,101.44,92.96,12.37,9.402,6.44,63.8,69747.0,51.1,8.0,433.6
2012-03-01,31.56,2190.6,69.41,3.29,4.69,0.54,263.5,2.75,101.81,103.71,14.35,9.44,6.73,64.09,65037.0,52.7,4.1,513.2
2012-04-01,29.94,1886.7,63.02,3.31,4.62,1.58,264.5,1.74,102.11,103.92,13.85,9.469,7.25,63.75,61364.0,51.0,5.6,462.8
2012-05-01,28.31,1799.87,63.57,3.32,4.52,-0.06,265.5,3.38,101.79,100.1,9,9.523,6.78,65.41,59542.0,49.6,5.3,499.5
2012-06-01,27.5,2127.28,77.36,3.32,5.02,1.8,266.1,1.52,101.05,96.25,18.21,9.544,6.93,65.01,57476.0,52.4,6.4,515.9
2012-07-01,28.25,1848.9,65.45,3.33,4.15,-2.34,266.8,5.67,101.88,86.73,9,9.596,6.68,64.22,58326.0,48.1,5.8,493.0
2012-08-01,28.75,1979.74,68.86,3.32,5.25,-0.09,268.1,3.41,101.1,103.27,18.15,9.664,6.67,65.68,60707.0,51.8,5.1,509.7
2012-09-01,29.25,1899.94,64.96,3.32,4.02,0.91,269.1,2.41,102.18,95.17,14.6,9.693,7.46,63.89,60080.0,48.9,3.5,415.6
2012-10-01,29.75,2097.48,70.5,3.32,4.6,-0.41,270.1,3.73,103.04,83.98,11.08,9.736,6.96,63.05,60308.0,46.7,5.7,457.4
2012-11-01,30.25,1737.52,57.44,3.33,5.1,-1.4,270.9,4.73,103.66,97.29,15.97,9.792,7.1,63.95,62191.0,44.6,5.3,472.7
2012-12-01,30.5,2061.73,67.6,3.33,3.95,-0.42,271.3,3.75,104.73,86.51,20.61,9.84,7.81,62.8,61581.0,56.2,4.0,444.0
2013-01-01,31.2,2066.37,66.23,3.32,4.01,0.96,272.7,2.36,103.75,98.73,17.88,9.912,7.32,66.57,66774.0,53.5,6.0,495.7
2013-02-01,27.35,2258.08,82.56,3.3,5.78,1.14,273.3,2.17,103.6,105.11,20.17,9.977,6.78,67.8,59620.0,51.7,3.5,572.5
2013-03-01,24.78,2044.92,82.51,3.31,5.8,-2.26,273.9,5.57,103.2,103.54,17.09,10.043,6.69,66.52,53004.0,47.3,5.3,530.3
2013-04-01,23.5,1331.07,56.64,3.31,5.73,1.9,274.7,1.41,102.72,97.47,20.37,10.101,7.34,67.6,51075.0,46.2,7.3,533.9
2013-05-01,20.73,1562.49,75.39,3.31,5.1,-1.37,275.9,4.68,102.63,100.4,23.11,10.121,6.9,67.07,44691.0,49.6,5.0,519.4
2013-06-01,19.8,1483.4,74.92,3.3,3.99,0.81,277.1,2.49,102.92,80.39,15.27,10.162,6.89,64.39,40990.0,46.9,3.6,584.2
2013-07-01,19.73,1310.53,66.44,3.29,3.88,0.23,277.5,3.06,103.28,98.89,13.9,10.213,6.47,66.04,41880.0,52.6,3.8,460.4
2013-08-01,19.68,1468.82,74.65,3.31,4.45,-1.8,278.1,5.1,101.06,97.76,17.5,10.235,6.95,65.47,41412.0,50.4,8.0,590.5
2013-09-01,19.62,1294.6,65.97,3.29,5.0,-0.34,279.5,3.63,101.0,94.52,9,10.288,7.1,66.8,42149.0,52.0,6.9,518.6
2013-10-01,19.57,1209.03,61.76,3.27,4.79,-1.63,280.9,4.9,100.34,85.09,25.56,10.334,6.91,66.21,41667.0,44.2,4.4,457.2
2013-11-01,19.52,1098.68,56.27,3.26,5.19,-2.3,281.5,5.56,100.6,84.8,9,10.409,7.06,67.28,42233.0,44.9,7.6,511.2
2013-12-01,19.5,1073.07,55.03,3.26,5.53,-1.82,282.5,5.08,100.19,94.48,14.37,10.445,6.9,66.74,41841.0,53.1,5.7,529.5
2014-01-01,19.8,1663.04,83.99,3.25,4.55,-1.54,283.1,4.79,99.28,38.8,10.09,10.469,5.93,66.51,42342.0,46.8,5.3,516.7
2014-02-01,20.16,1119.77,55.54,3.25,5.49,-0.2,283.7,3.45,99.72,35.12,19.53,10.526,6.27,66.47,43080.0,52.8,3.5,541.6
2014-03-01,20.4,1613.38,79.09,3.27,5.74,1.55,284.4,1.72,100.78,50.66,15.96,10.6,6.08,68.85,45157.0,46.8,5.9,514.4
2014-04-01,20.64,1605.95,77.81,3.26,4.33,0.8,285.7,2.45,100.38,43.44,22.87,10.63,5.92,68.67,45572.0,48.5,5.0,541.4
2014-05-01,20.88,1165.46,55.82,3.26,4.66,-1.12,286.8,4.38,100.42,42.32,17.84,10.663,5.93,67.88,45568.0,48.5,4.4,589.6
2014-06-01,21.0,1302.0,62.0,3.27,4.53,0.1,287.9,3.17,99.53,45.59,17.95,10.705,5.77,67.33,45459.0,44.6,3.8,529.4
2014-07-01,19.7,1615.17,81.99,3.26,5.7,1.03,289.0,2.23,99.73,38.75,21.44,10.761,5.54,65.95,41769.0,51.8,6.6,553.5
2014-08-01,18.83,1373.37,72.92,3.26,3.87,1.48,289.8,1.79,99.73,31.74,21.67,10.798,5.81,68.26,41332.0,53.1,5.2,552.8
2014-09-01,17.97,1094.78,60.93,3.26,4.05,-0.11,290.2,3.36,99.68,27.28,12.08,10.832,6.37,67.12,38770.0,49.1,3.7,554.0
2014-10-01,17.1,1198.26,70.07,3.26,4.09,-2.04,290.7,5.3,98.45,52.83,17.08,10.892,6.72,68.07,37425.0,51.6,7.8,580.9
2014-11-01,16.23,1057.37,65.14,3.26,4.53,-2.35,292.1,5.61,98.67,49.28,13.83,10.979,6.01,66.83,34882.0,47.7,5.7,529.3
2014-12-01,15.8,904.27,57.23,3.26,5.74,-0.06,292.7,3.33,98.31,38.15,25.53,11.013,6.0,69.16,35132.0,54.4,5.9,522.7
2015-01-01,17.0,1112.71,65.45,3.26,5.57,-0.15,293.8,3.4,99.34,38.05,12.63,11.053,5.61,70.54,38552.0,54.0,8.1,629.0
2015-02-01,16.64,1356.91,81.55,3.26,4.78,-0.93,295.1,4.2,98.55,48.58,12.43,11.11,6.27,69.67,37271.0,49.4,3.5,541.8
2015-03-01,16.4,1069.42,65.21,3.26,4.9,-0.23,296.3,3.49,97.39,38.68,22.22,11.164,6.17,70.72,37289.0,55.0,5.9,634.9
2015-04-01,16.16,1160.07,71.79,3.26,5.38,-1.21,297.1,4.47,97.27,47.14,13.64,11.216,5.75,69.98,36361.0,49.0,7.8,570.5
2015-05-01,15.92,1050.75,66.0,3.25,5.49,-1.97,298.2,5.22,97.2,51.02,21.89,11.282,6.11,69.6,35626.0,51.1,3.5,594.6
2015-06-01,15.8,1257.09,79.56,3.25,5.09,-1.77,298.7,5.02,97.19,41.62,10.69,11.359,5.96,71.4,36268.0,50.0,5.0,570.1
2015-07-01,15.3,874.41,57.15,3.24,4.56,-0.69,299.9,3.93,97.48,51.12,9,11.41,6.21,71.42,35134.0,50.7,5.5,582.7
2015-08-01,14.97,934.68,62.45,3.24,5.42,-1.39,300.7,4.63,98.23,39.4,16.8,11.491,5.91,70.59,33969.0,52.6,5.7,608.3
2015-09-01,14.63,1238.8,84.66,3.22,3.84,-0.27,301.2,3.5,97.98,46.63,9.64,11.534,5.45,70.19,33025.0,44.4,3.7,639.4
2015-10-01,14.3,1047.63,73.26,3.22,4.22,-2.26,301.7,5.49,97.48,37.15,23.28,11.586,6.35,69.26,31842.0,46.8,7.3,632.9
2015-11-01,13.97,1128.47,80.8,3.22,4.89,-0.99,302.2,4.21,97.96,44.74,13.75,11.637,6.37,70.99,31879.0,51.2,4.6,592.1
2015-12-01,13.8,774.32,56.11,3.2,3.86,1.83,303.5,1.38,97.91,58.0,14.11,11.692,6.11,70.09,31099.0,57.8,9.9,617.9
2016-01-01,14.0,1038.87,74.21,2.4,3.86,1.08,304.3,1.32,97.73,48.52,14.17,11.767,5.91,70.38,31678.0,50.0,6.1,699.3
2016-02-01,15.62,1186.86,75.96,2.4,4.74,-1.53,305.2,3.93,98.44,40.05,9,11.848,6.03,72.02,36180.0,51.2,7.8,588.3
2016-03-01,16.71,948.53,56.77,2.4,3.31,-2.57,305.6,4.97,98.58,60.02,17.42,11.92,6.27,71.97,38661.0,50.6,6.9,556.3
2016-04-01,17.79,986.77,55.46,2.4,3.13,-0.46,306.4,2.86,98.46,26.08,20.5,11.97,6.27,72.61,41534.0,52.7,6.2,581.5
2016-05-01,18.88,1306.6,69.22,2.4,3.98,0.61,307.8,1.79,98.29,43.84,13.32,12.049,6.58,73.51,44608.0,54.1,6.6,629.5
2016-06-01,19.96,1547.61,77.54,2.4,3.11,1.15,308.5,1.25,99.43,40.34,12.39,12.076,6.48,69.79,44781.0,49.9,7.8,503.0
2016-07-01,20.5,1557.24,75.96,2.4,3.19,1.05,308.9,1.35,99.45,35.59,15.12,12.106,5.75,72.13,47541.0,48.5,4.5,625.9
2016-08-01,19.21,1354.82,70.53,2.4,4.25,0.09,309.3,2.31,98.22,44.59,13.7,12.174,6.35,73.03,45104.0,50.1,5.9,557.5
2016-09-01,18.35,1325.84,72.25,2.4,3.1,-2.51,310.4,4.91,96.62,48.04,9,12.242,6.08,69.91,41247.0,54.0,5.8,591.9
2016-10-01,17.49,1198.94,68.55,2.4,4.22,-1.28,311.8,3.68,96.27,38.22,9,12.309,6.24,70.61,39708.0,43.9,6.5,596.1
2016-11-01,16.63,1225.28,73.68,2.4,4.32,-0.85,313.2,3.25,95.55,46.96,11.28,12.348,6.07,71.29,38115.0,47.9,4.1,538.4
2016-12-01,16.2,1299.17,80.2,2.4,2.98,-1.51,314.6,3.91,95.29,52.94,11.11,12.438,6.46,72.53,37775.0,49.4,3.5,527.5
2017-01-01,17.0,1186.28,69.78,2.4,3.81,1.19,315.8,1.21,95.58,47.77,15.09,12.512,5.95,73.59,40223.0,49.4,4.7,675.9
2017-02-01,17.6,1011.95,57.5,2.4,4.42,0.34,316.9,2.06,95.35,50.73,9,12.552,6.33,73.55,41621.0,45.9,4.7,640.2
2017-03-01,18.0,1078.55,59.92,2.4,4.08,-2.06,317.7,4.46,94.59,64.76,19.63,12.646,6.48,73.27,42400.0,45.8,7.5,562.8
2017-04-01,18.2,1520.3,83.53,2.4,4.83,0.05,319.2,2.35,95.55,52.43,16.12,12.678,5.98,73.58,43055.0,53.8,5.8,597.5
2017-05-01,17.1,1188.49,69.5,2.4,3.36,-1.6,320.0,4.0,94.55,55.06,13.98,12.743,6.07,72.94,40100.0,48.3,4.4,581.7
2017-06-01,16.37,904.38,55.26,2.4,2.95,0.97,320.9,1.43,95.34,53.81,10.43,12.809,6.55,74.03,38957.0,47.1,4.3,684.0
2017-07-01,16.0,1220.66,76.29,2.4,4.85,-0.22,321.3,2.62,95.64,55.82,9,12.862,5.78,74.37,38257.0,51.2,3.6,629.5
2017-08-01,16.24,1096.74,67.53,2.4,4.09,-3.45,322.0,5.85,94.25,50.49,18.02,12.941,6.0,72.27,37737.0,48.8,5.7,671.7
2017-09-01,16.4,1054.76,64.31,2.4,3.43,-3.34,323.4,5.74,95.01,57.96,12.61,13.005,6.16,73.65,38833.0,47.7,5.9,660.9
2017-10-01,16.56,1127.13,68.06,2.4,4.24,-1.17,324.8,3.57,93.95,54.35,15.94,13.086,6.19,73.76,39273.0,48.7,4.7,655.3
2017-11-01,16.72,1253.07,74.94,2.4,4.33,1.03,325.9,1.37,93.44,57.53,17.31,13.137,6.01,74.88,40252.0,51.3,7.4,640.8
2017-12-01,16.8,1105.47,65.8,2.4,4.44,-0.31,326.8,2.71,94.35,43.3,22.5,13.231,5.95,73.95,39944.0,49.7,7.8,662.4
2018-01-01,17.1,941.03,55.03,2.4,4.43,-1.39,327.3,3.79,94.26,56.62,16.04,13.3,5.96,74.73,41087.0,50.9,4.9,660.1
2018-02-01,16.86,1355.75,80.41,2.4,2.92,-1.03,328.3,3.43,94.71,54.88,17.25,13.388,5.97,75.2,40760.0,46.4,5.6,673.0
2018-03-01,16.7,1200.32,71.88,2.4,4.69,-1.63,329.2,4.03,94.0,48.97,15.04,13.44,6.2,75.61,40597.0,49.8,3.5,708.2
2018-04-01,16.54,971.79,58.75,2.4,3.79,-0.09,330.4,2.49,93.18,58.28,19.89,13.535,5.95,75.48,40139.0,46.5,3.5,722.4
2018-05-01,16.38,1158.01,70.7,2.4,3.56,-1.35,331.8,3.75,93.48,51.55,23.43,13.591,6.08,75.74,39887.0,48.5,7.2,691.0
2018-06-01,16.3,1335.46,81.93,2.4,3.45,0.9,333.0,1.5,91.86,60.23,9,13.655,6.15,76.67,40180.0,52.1,5.8,648.2
2018-07-01,15.25,977.67,64.11,2.4,4.25,-2.5,334.2,4.9,92.69,56.56,22.83,13.7,5.8,75.66,37097.0,47.5,3.8,687.1
2018-08-01,14.55,1122.46,77.14,2.4,3.11,0.34,334.8,2.06,91.9,49.82,11.74,13.79,5.91,73.98,34606.0,49.6,5.4,648.1
2018-09-01,14.2,1120.17,78.89,2.4,4.8,-3.49,335.8,5.89,92.95,57.23,17.81,13.85,6.1,75.58,34505.0,51.4,5.3,678.3
2018-10-01,14.85,1231.68,82.94,2.4,4.68,-1.78,337.3,4.18,92.09,52.83,16.17,13.909,6.25,74.55,35595.0,48.2,5.5,635.8
2018-11-01,15.28,900.55,58.92,2.4,4.3,-0.24,338.1,2.64,93.3,48.22,12.05,13.965,6.37,74.7,36703.0,49.2,6.8,629.3
2018-12-01,15.5,1263.36,81.51,2.4,4.88,0.62,338.7,1.78,91.77,56.46,18.63,14.075,5.95,75.27,37510.0,49.8,7.5,650.7
2019-01-01,15.6,963.36,61.75,2.4,4.32,-1.1,339.9,3.5,91.18,58.04,15.34,14.161,6.12,76.85,38545.0,48.3,3.5,701.4
2019-02-01,15.42,1174.45,76.16,2.42,3.07,-1.84,341.3,4.26,91.11,52.59,9.32,14.269,6.44,77.8,38570.0,51.2,9.3,719.2
2019-03-01,15.3,1118.23,73.09,2.41,3.42,-1.48,342.1,3.89,91.53,61.64,14.69,14.353,6.13,77.65,38194.0,55.0,7.2,726.4
2019-04-01,15.18,994.32,65.5,2.41,4.6,-0.49,342.6,2.91,90.28,42.15,17.9,14.401,6.19,77.39,37770.0,48.0,3.6,704.0
2019-05-01,15.06,828.56,55.02,2.4,3.28,-3.08,343.5,5.49,89.6,56.78,15.0,14.497,5.65,78.39,37956.0,47.7,5.1,699.4
2019-06-01,15.0,1273.85,84.92,2.41,3.47,0.76,344.2,1.65,91.15,58.45,16.31,14.548,6.51,77.15,37205.0,48.0,5.9,658.0
2019-07-01,16.75,1176.67,70.25,2.36,4.26,-1.46,345.4,3.82,90.58,56.3,9,14.591,5.82,76.35,41117.0,53.3,6.3,669.7
2019-08-01,17.92,1017.76,56.81,2.32,2.88,0.71,346.4,1.61,89.44,51.47,17.53,14.7,5.77,77.24,44490.0,49.5,5.7,687.8
2019-09-01,18.5,1246.34,67.37,2.28,3.44,-2.9,346.9,5.18,89.16,50.98,14.77,14.804,5.45,75.87,45127.0,47.9,5.9,707.9
2019-10-01,18.15,1140.21,62.82,2.25,4.27,0.12,347.8,2.13,88.21,58.36,18.14,14.922,5.97,77.68,45330.0,49.1,8.5,699.1
2019-11-01,17.92,1176.81,65.68,2.2,3.06,-1.3,348.8,3.5,87.24,58.98,9,15.039,6.08,78.66,45312.0,47.5,6.6,692.7
2019-12-01,17.8,1395.03,78.37,2.15,4.59,-2.03,349.1,4.18,86.51,41.37,9,15.137,6.01,78.29,44805.0,48.6,6.8,661.7
2020-01-01,18.0,1302.33,72.35,2.13,3.62,-2.47,349.5,4.6,88.31,26.69,16.7,15.248,3.81,79.71,46129.0,51.3,7.6,728.5
2020-02-01,13.88,1066.39,76.86,2.13,2.96,-0.22,351.2,2.35,86.75,18.13,16.69,15.358,3.85,79.26,35359.0,43.7,4.7,768.9
2020-03-01,12.5,819.94,65.6,2.09,3.88,-2.29,352.8,4.38,88.04,32.3,49.77,15.758,4.04,79.62,31996.0,46.3,6.4,702.4
2020-04-01,17.3,983.0,56.82,2.05,4.54,-1.18,353.5,3.24,88.87,20.23,70.87,16.164,4.02,78.16,43471.0,45.4,5.1,762.9
2020-05-01,20.5,1156.26,56.4,1.96,4.14,-0.04,354.7,1.99,88.16,32.62,10.08,16.609,4.11,78.77,51913.0,46.9,6.1,753.2
2020-06-01,23.7,1973.87,83.29,1.91,4.18,-0.3,355.8,2.22,88.72,53.05,20.34,16.987,4.18,80.37,61239.0,55.3,4.3,724.7
2020-07-01,26.9,1495.68,55.6,1.86,3.74,-3.5,356.2,5.36,89.69,30.55,12.32,17.369,4.16,79.71,68935.0,49.4,4.0,697.7
2020-08-01,28.5,2014.43,70.68,1.82,4.17,-1.79,357.6,3.61,90.81,20.64,11.22,17.803,4.15,80.44,73709.0,51.4,7.0,775.6
2020-09-01,27.75,2069.25,74.57,1.81,4.28,-1.52,358.7,3.33,90.62,44.75,10.95,18.243,3.81,79.27,70726.0,47.6,4.1,679.9
2020-10-01,27.25,1801.72,66.12,1.8,3.49,-3.17,359.7,4.97,90.24,46.72,26.07,18.757,4.65,80.18,70245.0,51.9,7.8,727.4
2020-11-01,26.75,2270.24,84.87,1.77,4.2,-4.19,360.4,5.96,91.09,15,16.38,19.257,3.9,79.72,68559.0,54.6,3.5,649.9
2020-12-01,26.5,2079.34,78.47,1.74,3.15,-2.37,361.4,4.11,90.56,45.73,13.9,19.684,3.69,76.77,65407.0,50.7,4.8,783.6
2021-01-01,27.0,1644.12,60.89,1.75,2.84,-0.63,363.1,2.38,90.38,82.14,9,19.771,5.72,82.36,71498.0,44.0,4.7,688.5
2021-02-01,28.0,1567.77,55.99,1.75,3.15,-0.85,364.5,2.6,89.9,87.96,25.28,19.893,5.05,79.46,71535.0,46.5,4.4,789.6
2021-03-01,27.25,2073.36,76.09,1.73,2.96,0.34,366.0,1.4,89.32,76.31,9,19.99,4.9,80.35,70394.0,51.4,7.7,707.3
2021-04-01,26.75,2205.09,82.43,1.74,3.26,-0.57,366.9,2.31,89.99,78.52,19.7,20.087,4.67,78.16,67224.0,47.8,5.5,699.2
2021-05-01,26.25,1900.14,72.39,1.72,2.28,-3.6,368.7,5.33,89.73,82.96,9,20.233,5.42,80.82,68206.0,44.7,5.6,698.6
2021-06-01,26.0,1447.95,55.69,1.72,3.45,0.09,370.2,1.63,89.15,94.78,27.05,20.309,5.33,79.53,66481.0,51.1,4.5,747.8
2021-07-01,25.25,1844.8,73.06,1.72,4.02,-3.68,371.7,5.4,88.98,72.65,21.12,20.408,5.14,81.1,65841.0,53.3,8.4,801.7
2021-08-01,24.75,1736.42,70.16,1.72,3.89,0.51,372.9,1.21,89.42,59.19,10.16,20.522,5.28,81.04,64489.0,47.4,3.5,805.2
2021-09-01,24.25,1649.9,68.04,1.72,2.34,-0.97,374.7,2.69,88.58,75.66,11.56,20.685,4.79,81.52,63557.0,50.5,5.9,747.9
2021-10-01,23.75,1498.69,63.1,1.73,3.77,-0.79,376.5,2.52,88.05,73.38,15.45,20.826,5.44,82.17,62741.0,52.7,4.7,790.3
2021-11-01,23.25,1362.25,58.59,1.72,2.75,-2.25,377.2,3.97,89.37,87.41,11.51,20.991,5.37,80.02,59815.0,46.5,5.6,704.7
2021-12-01,23.0,1948.92,84.74,1.72,3.95,-1.83,378.2,3.55,88.99,88.46,9.08,21.039,5.02,81.63,60362.0,43.6,7.4,743.1
2022-01-01,23.5,1697.13,72.22,1.82,4.12,-4.12,379.1,5.94,88.93,68.48,14.12,21.131,5.63,82.47,62309.0,46.8,6.4,792.9
2022-02-01,25.0,1537.52,61.5,1.93,2.85,-3.99,380.7,5.92,89.13,74.9,14.05,21.222,4.87,83.95,67473.0,46.4,3.5,759.3
2022-03-01,25.5,1428.03,56.0,1.93,3.69,-0.33,382.0,2.26,89.15,79.92,17.21,21.29,5.07,82.56,67687.0,50.8,4.2,757.6
2022-04-01,23.5,1687.72,71.82,1.97,4.11,-0.68,383.9,2.64,89.36,74.36,9,21.456,4.42,82.11,62037.0,49.3,5.2,736.9
2022-05-01,22.17,1871.92,84.45,2.05,2.88,-3.43,384.8,5.48,89.89,83.34,17.92,21.593,4.88,84.48,60210.0,47.9,4.2,806.3
2022-06-01,21.5,1595.43,74.21,2.09,2.59,0.53,385.3,1.55,87.98,76.86,18.2,21.649,4.48,82.46,56998.0,45.9,7.1,719.0
2022-07-01,20.15,1326.03,65.81,2.16,4.01,-3.24,386.7,5.4,88.0,85.69,17.62,21.801,5.17,81.81,53001.0,54.5,6.1,791.6
2022-08-01,19.25,1516.65,78.79,2.23,3.38,-2.01,387.1,4.25,88.57,69.54,9.48,21.973,5.32,81.94,50715.0,44.7,5.8,722.7
2022-09-01,18.8,1047.37,55.71,2.3,2.9,-0.87,387.8,3.17,87.64,68.51,16.01,22.028,5.52,82.24,49707.0,48.4,4.5,742.4
2022-10-01,21.3,1776.86,83.42,2.35,4.3,-3.28,389.0,5.64,88.61,80.72,16.52,22.201,4.75,83.78,57376.0,51.0,5.5,796.6
2022-11-01,22.97,1314.82,57.25,2.44,3.97,0.71,390.5,1.72,88.77,75.5,14.76,22.375,4.7,83.86,61920.0,54.6,3.5,797.3
2022-12-01,23.8,1314.99,55.25,2.47,3.6,-0.58,392.3,3.05,89.17,73.73,10.96,22.463,5.35,81.57,62414.0,48.7,6.8,807.9
2023-01-01,23.5,1797.64,76.5,2.58,3.97,-1.56,393.8,4.14,89.46,65.39,9,22.584,6.85,85.13,64323.0,49.2,4.9,828.7
2023-02-01,24.25,1414.27,58.32,2.64,3.45,-0.51,394.8,3.15,89.95,75.14,12.16,22.761,6.5,84.12,65586.0,47.2,7.6,847.4
2023-03-01,24.75,1968.47,79.53,2.65,3.32,1.44,395.4,1.21,89.61,59.18,19.12,22.847,6.42,83.04,66076.0,54.3,6.4,821.9
2023-04-01,25.25,2014.14,79.77,2.66,4.46,-1.17,396.6,3.83,90.82,66.0,19.09,23.028,6.61,84.04,68225.0,44.8,3.5,826.9
2023-05-01,25.5,1617.89,63.45,2.67,4.67,1.21,397.3,1.47,91.71,73.84,13.04,23.144,6.48,85.75,70305.0,53.6,5.3,874.7
2023-06-01,23.0,1768.78,76.9,2.77,4.73,1.24,397.7,1.53,91.67,62.58,20.12,23.315,6.47,85.61,63306.0,47.1,5.1,788.7
2023-07-01,23.38,1637.6,70.06,2.79,5.2,1.21,398.2,1.58,92.43,72.61,18.77,23.491,6.6,83.56,62798.0,52.7,5.1,731.8
2023-08-01,23.62,1919.71,81.26,2.85,4.54,0.85,399.9,2.0,92.83,64.94,18.24,23.616,6.43,82.67,62792.0,48.0,6.0,801.0
2023-09-01,23.88,1531.93,64.16,2.91,4.75,0.93,400.5,1.98,93.22,69.11,21.07,23.795,6.44,84.26,64676.0,53.2,4.2,782.5
2023-10-01,24.12,1403.86,58.19,2.93,4.05,-1.89,401.4,4.82,92.53,62.37,9,23.863,6.38,85.4,66237.0,52.2,5.4,784.3
2023-11-01,24.38,1613.29,66.19,3.03,5.23,1.29,402.1,1.74,94.48,72.62,15.66,23.931,6.51,84.57,66277.0,52.9,6.1,822.7
2023-12-01,24.5,1698.92,69.34,3.07,4.31,-1.68,403.2,4.75,94.04,64.74,9,24.117,6.36,83.21,65546.0,56.1,3.5,868.2
2024-01-01,23.0,1653.72,71.9,3.8,5.47,-0.74,404.8,4.54,94.21,54.9,21.9,24.234,6.96,85.7,63375.0,47.3,7.3,776.0
2024-02-01,24.5,1358.83,55.46,3.8,5.55,-0.79,405.5,4.59,94.75,61.91,16.72,24.324,6.2,86.66,68265.0,51.4,7.3,743.6
2024-03-01,25.0,1836.97,73.48,3.8,5.86,2.14,407.4,1.66,94.68,68.58,19.25,24.469,6.43,85.81,68969.0,53.6,7.8,876.1
2024-04-01,30.25,1792.97,59.27,3.8,4.75,1.59,409.0,2.21,93.4,77.39,13.7,24.602,6.24,84.43,82117.0,44.8,4.6,842.2
2024-05-01,32.0,2174.13,67.94,3.8,5.24,0.62,411.0,3.18,93.79,56.75,20.54,24.781,6.31,84.22,86647.0,46.5,5.6,941.4
2024-06-01,29.75,2437.29,81.93,3.8,6.11,-1.78,412.4,5.58,95.51,71.04,12.58,24.904,6.68,87.15,83362.0,47.4,5.5,778.5
2024-07-01,29.0,1857.24,64.04,3.8,4.9,-2.1,413.1,5.9,96.84,74.0,24.79,25.062,6.57,85.01,79262.0,48.8,3.5,865.7
2024-08-01,31.75,2271.48,71.54,3.8,5.01,2.28,414.2,1.52,96.14,68.96,15.94,25.212,6.4,84.88,86647.0,55.7,5.0,784.3
2024-09-01,33.58,2585.88,77.0,3.8,4.64,-0.32,414.8,4.12,95.93,76.29,9,25.354,6.45,86.88,93806.0,50.8,6.9,871.7
2024-10-01,34.5,2930.72,84.95,3.8,5.11,-0.84,415.8,4.64,95.76,66.1,15.65,25.484,6.18,85.93,95316.0,48.5,4.5,808.9
2024-11-01,31.12,2403.65,77.23,3.8,5.68,2.11,417.9,1.69,95.98,67.07,16.83,25.672,6.51,87.62,87677.0,44.6,5.2,805.3
2024-12-01,30.0,1758.82,58.63,3.8,6.05,-0.27,419.7,4.07,95.89,71.64,19.4,25.82,6.32,87.38,84281.0,49.5,5.2,772.2
2025-01-01,30.5,2264.87,74.26,3.8,6.24,0.27,421.6,3.53,96.24,75.59,9,25.93,6.54,88.03,86325.0,55.5,7.6,905.8
2025-02-01,32.75,1907.8,58.25,3.8,5.2,0.84,423.0,2.96,96.79,74.56,21.41,26.037,6.55,88.23,92906.0,51.6,3.5,910.8
2025-03-01,33.5,2480.33,74.04,3.8,5.11,-0.99,424.3,4.79,98.12,65.68,18.47,26.234,6.79,87.12,93831.0,50.5,6.8,848.4
2025-04-01,32.75,1851.64,56.54,3.8,5.11,1.85,425.0,1.95,98.11,77.47,17.3,26.429,6.31,88.26,92927.0,55.2,6.6,845.1
2025-05-01,32.25,2376.41,73.69,3.8,4.37,-2.08,426.1,5.88,96.92,64.46,16.09,26.508,5.95,86.63,89819.0,49.7,4.1,847.8
2025-06-01,32.0,2119.5,66.23,3.8,6.09,-0.63,426.9,4.43,94.54,82.91,15.05,26.568,6.29,88.91,91471.0,50.3,4.2,840.4
2025-07-01,33.0,2207.95,66.91,3.8,5.79,-0.65,427.5,4.45,94.38,64.51,13.1,26.638,6.61,86.31,91571.0,53.8,5.9,803.8
2025-08-01,33.67,2267.71,67.36,3.8,4.54,2.0,429.6,1.8,94.45,70.16,18.21,26.825,6.72,87.74,94974.0,47.1,6.9,892.7
2025-09-01,34.0,2230.72,65.61,3.8,4.84,-1.37,430.9,5.17,95.39,75.56,16.93,27.006,6.52,88.23,96449.0,51.7,4.9,873.0
2025-10-01,33.5,1986.62,59.3,3.8,6.04,-0.92,431.6,4.72,95.16,59.14,16.44,27.214,6.72,87.32,94053.0,47.5,5.6,831.0
2025-11-01,33.17,2803.72,84.53,3.8,5.2,-1.6,433.4,5.4,94.95,66.73,9.74,27.41,6.55,89.15,95064.0,51.3,5.7,873.6
2025-12-01,33.0,2389.73,72.42,3.8,6.23,0.99,435.0,2.81,94.76,79.24,12.92,27.525,6.63,88.9,94317.0,49.3,8.2,882.9
